name;email
Lia Hahn;thiiagoms@proton.me
Coralie Langosh;omer.kulas@beer.biz
Mr. Alvis Hane;hschinner@jones.com
Prof. Derick Maggio II;arempel@yahoo.com
Prof. Adonis Schulist;kaycee42@yahoo.com
Dr. Hilma Armstrong DDS;hosea.weimann@yahoo.com
Brennon Borer IV;ruecker.mose@will.com
Prof. Aniyah Osinski MD;bruen.enrico@hotmail.com
Dr. Lorine Fritsch;kulas.celestine@ohara.com
Herman Lang;sonia.schuster@hotmail.com
Prof. Emily Wiza;eichmann.darius@monahan.net
Ezra Beer;schmeler.tevin@schowalter.biz
Therese Abernathy;vonrueden.fabiola@schaefer.com
Pierce Orn;awaelchi@hotmail.com
Camren Bartell;waldo53@corwin.com
Lurline Schowalter II;lawson91@hotmail.com
Linda Bernier;yturner@orn.info
Mr. Marley Vandervort;apfannerstill@kuhlman.com
Kamryn Hermiston;zokeefe@hotmail.com
Georgianna Corkery IV;rhamill@wisozk.com
Mr. Benjamin Bednar I;danny.renner@durgan.info
Prof. Chesley Lockman;qskiles@yahoo.com
Harvey Kirlin;macey.rogahn@mcglynn.org
Mrs. Josefina Wyman;barrett.baumbach@gmail.com
Dovie Howell MD;elisa.heidenreich@hotmail.com
Lonny Wisozk;sven85@gislason.com
Prof. Brycen Mosciski DDS;maureen.oreilly@effertz.info
Annabell Kling DVM;kunze.noemie@schaden.com
Gerry O'Keefe;jeramie.kautzer@yahoo.com
Miss Zelma Kris PhD;stroman.evangeline@hotmail.com
Deron McCullough V;vidal38@hotmail.com
Adrienne Howell V;luz61@mosciski.com
Mr. Emmitt Schmeler;cvonrueden@hahn.info
Melissa Romaguera;citlalli98@kassulke.info
Don Renner DVM;xconroy@gmail.com
Juwan Ullrich;hertha.mccullough@vandervort.com
Odessa Larson DDS;vleuschke@yahoo.com
Dr. Kurtis Conn;dschuppe@gmail.com
Mr. Fletcher Herzog IV;klakin@corwin.com
Letha D'Amore;bruen.howard@gmail.com
Dr. Cordelia Koss;everardo.gulgowski@casper.info
Daniela Tremblay;reilly.jedidiah@hotmail.com
Kurt Effertz;rafael.wolf@hotmail.com
Benny Cormier;emertz@muller.com
Gregg Hodkiewicz;langworth.kathryne@yahoo.com
Devin Kihn;devonte93@feest.biz
Dr. Rocky Bayer;janiya.hill@gmail.com
Giovanna King I;ypfeffer@yahoo.com
Sebastian Dickens;thiagom.devsec@gmail.com